role,scenario,source_file,t_first_selected_s,offset_mean_ms_post,offset_std_ms_post,offset_p95_ms_post,offset_maxabs_ms_post,jitter_mean_ms_post,jitter_p95_ms_post,delay_mean_ms_post,delay_p95_ms_post,reach_final_raw,reach_final_oct
boundary,high,analysis/raw_logs/T3/ntp_boundaryHIGH_live.log,540.0,0.06403333333333333,0.08668477924284604,0.1668299999999997,0.3552,0.3143333333333333,0.4848799999999999,0.7115733333333332,1.1681599999999996,377,255
boundary,low,analysis/raw_logs/T3/ntp_boundaryLOW_live.log,541.0,0.1457714285714286,0.19536895048391595,0.3734749999999998,0.8184,0.2550071428571429,0.47374999999999984,1.1316428571428572,1.5603899999999997,377,255
boundary,medium,analysis/raw_logs/T3/ntp_boundaryMEDIUM_live.log,540.0,0.34438,0.8633412339406835,1.596594999999997,2.7994,1.0390799999999998,1.9246349999999985,1.32573,3.9486499999999953,377,255
client,high,analysis/raw_logs/T3/ntp_clientHIGH_live.log,601.0,-30.678836363636364,11.654291638643057,-11.218900000000001,39.8648,16.77298181818182,26.4088,62.426263636363636,81.18295,377,255
client,low,analysis/raw_logs/T3/ntp_clientLOW_live.log,601.0,-2.445915384615385,0.4335951661134186,-1.9688,3.2408,0.6078307692307692,0.8511,6.331869230769231,7.57418,377,255
client,medium,analysis/raw_logs/T3/ntp_clientMEDIUM_live.log,601.0,-8.0571,1.6944112967340603,-6.436,10.4442,3.0245555555555557,4.561999999999999,17.12042222222222,21.40952,377,255
